{"A_s": [2.0809353055845327e-09, 1.5259882684465176e-10, 6.373255544372166e-11], "k_max": [62.730804638325694, 0.04001410088599755, 0.040813437584994006], "eta_R": [1.8932256234676483, 0.014257247383691496, 0.02975098523048536]}