{"n_noise": [-8.002345749417078, 0.002293520267992122, 0.002284973062524287], "r": [0.20006191270552454, 0.00014567208882551586, 0.00014905757007527276], "A_s": [0.003178058537710685, 3.3577150678214176e-05, 3.430456049363347e-05], "sigma": [0.2951776654560689, 0.00705371280250966, 0.007067297479437962], "k_peak": [100.64881778063375, 0.558761002783541, 0.5414054785374134]}