{"A_s": [0.0031561037371236065, 3.9635715702525994e-05, 3.984314687845809e-05], "sigma": [0.48818425413390265, 0.011996066360050572, 0.011136490475020466], "k_peak": [100.10193889336612, 1.086809589468544, 1.0370137414503802]}