{"A_s": [0.003155910035067692, 2.3393331208649074e-05, 2.388910219424745e-05], "sigma": [0.2968112829431481, 0.00477123607012131, 0.004930087403988925], "k_peak": [100.31162300249491, 0.3828958784790615, 0.3889059416331264]}